list_no,date,region,kind,title,start,end,max_mw,min_mw,solar_mw,wind_mw,reason,url
72052,2024-03-23,제주,실적,제주 출력제한 실적 공지 [ 2024년 3월 23일(토) ],11:41,14:05,739.4,549.2,81.7,,"전력망 제약, 전력수급 제약",https://new.kpx.or.kr/board.es?mid=a10109050000&bid=0216&act=view&list_no=72052&tag=&nPage=35
72072,2024-03-27,제주,전망,제주 출력제한 전망 안내 [ 2024년 3월 27일(수) ],,,,,,,,https://new.kpx.or.kr/board.es?mid=a10109050000&bid=0216&act=view&list_no=72072&tag=&nPage=35
72099,2024-03-26,제주,실적,제주 출력제한 실적 공지 [ 2024년 3월 26일(화) ],14:03,16:29,876,620,,61.5,"전력망 제약, 전력수급 제약",https://new.kpx.or.kr/board.es?mid=a10109050000&bid=0216&act=view&list_no=72099&tag=&nPage=35
72139,2024-03-29,제주,전망,제주 출력제한 전망 안내 [ 2024년 3월 29일(금) ],,,,,,,,https://new.kpx.or.kr/board.es?mid=a10109050000&bid=0216&act=view&list_no=72139&tag=&nPage=34
72150,2024-03-30,제주,전망,제주 출력제한 전망 안내 [ 2024년 3월 30일(토) ],,,,,,,,https://new.kpx.or.kr/board.es?mid=a10109050000&bid=0216&act=view&list_no=72150&tag=&nPage=34
72156,2024-03-29,제주,실적,제주 출력제한 실적 공지 [ 2024년 3월 29일(금) ],09:52,15:43,804,587,,285.03,"전력망 제약, 전력수급 제약",https://new.kpx.or.kr/board.es?mid=a10109050000&bid=0216&act=view&list_no=72156&tag=&nPage=34
72158,2024-03-30,제주,실적,제주 출력제한 실적 공지 [ 2024년 3월 30일(토) ],09:02,16:23,751,538,120.5,247.5,"전력망 제약, 전력수급 제약",https://new.kpx.or.kr/board.es?mid=a10109050000&bid=0216&act=view&list_no=72158&tag=&nPage=34
72166,2024-04-01,제주,실적,제주 출력제한 실적 공지 [ 2024년 4월 1일(월) ],10:37,14:59,819.3,546,103.2,51,"전력망 제약, 전력수급 제약",https://new.kpx.or.kr/board.es?mid=a10109050000&bid=0216&act=view&list_no=72166&tag=&nPage=34
72183,2024-04-07,육지,전망,육지 출력제한 전망 안내 [ 2024년 4월 7일(일) ],,,,,,,,https://new.kpx.or.kr/board.es?mid=a10109050000&bid=0216&act=view&list_no=72183&tag=&nPage=34
72184,2024-04-07,제주,전망,제주 출력제한 전망안내 [ 2024년 04월 07일(일) ],,,,,,,,https://new.kpx.or.kr/board.es?mid=a10109050000&bid=0216&act=view&list_no=72184&tag=&nPage=34
72187,2024-04-07,제주,실적,제주 출력제한 실적 공지 [ 2024년 4월 7일(일) ],09:24,14:54,779,515,151,139,"전력망 제약, 전력수급 제약",https://new.kpx.or.kr/board.es?mid=a10109050000&bid=0216&act=view&list_no=72187&tag=&nPage=34
72192,2024-04-09,제주,전망,제주 출력제한 전망안내 [ 2024년 04월 09일(화) ],,,,,,,,https://new.kpx.or.kr/board.es?mid=a10109050000&bid=0216&act=view&list_no=72192&tag=&nPage=34
72209,2024-04-10,제주,전망,제주 출력제한 전망안내 [ 2024년 04월 10일(수) ],,,,,,,,https://new.kpx.or.kr/board.es?mid=a10109050000&bid=0216&act=view&list_no=72209&tag=&nPage=34
72211,2024-04-10,제주,실적,제주 출력제한 실적 공지 [ 2024년 04월 10일(수) ],11:32,14:31,797,506,40.9,245,"전력망 제약, 전력수급 제약",https://new.kpx.or.kr/board.es?mid=a10109050000&bid=0216&act=view&list_no=72211&tag=&nPage=33
72225,2024-04-14,제주,전망,제주 출력제한 전망안내 [ 2024년 04월 14일(일) ],,,,,,,,https://new.kpx.or.kr/board.es?mid=a10109050000&bid=0216&act=view&list_no=72225&tag=&nPage=33
72226,2024-04-14,제주,실적,제주 출력제한 실적 공지 [ 2024년 04월 14일(일) ],11:32,12:20,721,529,,42.5,"전력망 제약, 전력수급 제약",https://new.kpx.or.kr/board.es?mid=a10109050000&bid=0216&act=view&list_no=72226&tag=&nPage=33
72233,2024-04-16,제주,전망,제주 출력제한 전망안내 [ 2024년 04월 16일(화) ],,,,,,,,https://new.kpx.or.kr/board.es?mid=a10109050000&bid=0216&act=view&list_no=72233&tag=&nPage=33
72249,2024-04-17,제주,전망,제주 출력제한 전망안내 [ 2024년 04월 17일(수) ],,,,,,,,https://new.kpx.or.kr/board.es?mid=a10109050000&bid=0216&act=view&list_no=72249&tag=&nPage=33
72254,2024-04-16,제주,실적,제주 출력제한 실적 공지 [ 2024년 04월 16일(화) ],11:49,14:29,777,545,13.85,25.79,"전력망 제약, 전력수급 제약",https://new.kpx.or.kr/board.es?mid=a10109050000&bid=0216&act=view&list_no=72254&tag=&nPage=33
72262,2024-04-18,제주,전망,제주 출력제한 전망안내 [ 2024년 04월 18일(목) ],,,,,,,,https://new.kpx.or.kr/board.es?mid=a10109050000&bid=0216&act=view&list_no=72262&tag=&nPage=33
72287,2024-04-19,제주,전망,제주 출력제한 전망안내 [ 2024년 04월 19일(금) ],,,,,,,,https://new.kpx.or.kr/board.es?mid=a10109050000&bid=0216&act=view&list_no=72287&tag=&nPage=33
72290,2024-04-18,제주,실적,제주 출력제한 실적 공지 [ 2024년 04월 18일(목) ],08:38,13:27,796,541,56.54,279.53,"전력망 제약, 전력수급 제약",https://new.kpx.or.kr/board.es?mid=a10109050000&bid=0216&act=view&list_no=72290&tag=&nPage=33
72327,2024-04-24,제주,전망,제주 출력제한 전망안내 [ 2024년 04월 24일(수) ],,,,,,,,https://new.kpx.or.kr/board.es?mid=a10109050000&bid=0216&act=view&list_no=72327&tag=&nPage=33
72334,2024-04-25,제주,전망,제주 출력제한 전망안내 [ 2024년 04월 25일(목) ],,,,,,,,https://new.kpx.or.kr/board.es?mid=a10109050000&bid=0216&act=view&list_no=72334&tag=&nPage=32
72336,2024-04-24,제주,실적,제주 출력제한 실적 공지 [ 2024년 04월 24일(수) ],09:54,13:45,796,556,35.1,280,"전력망 제약, 전력수급 제약",https://new.kpx.or.kr/board.es?mid=a10109050000&bid=0216&act=view&list_no=72336&tag=&nPage=32
72349,2024-04-25,제주,실적,제주 출력제한 실적 공지 [ 2024년 04월 25일(목) ],11:45,14:04,786,540,18.6,78.2,"전력망 제약, 전력수급 제약",https://new.kpx.or.kr/board.es?mid=a10109050000&bid=0216&act=view&list_no=72349&tag=&nPage=32
72352,2024-04-27,제주,전망,제주 출력제한 전망안내 [ 2024년 04월 27일(토) ],,,,,,,,https://new.kpx.or.kr/board.es?mid=a10109050000&bid=0216&act=view&list_no=72352&tag=&nPage=32
72356,2024-04-28,제주,전망,제주 출력제한 전망안내 [ 2024년 04월 28일(일) ],,,,,,,,https://new.kpx.or.kr/board.es?mid=a10109050000&bid=0216&act=view&list_no=72356&tag=&nPage=32
72357,2024-04-27,제주,실적,제주 출력제한 실적 공지 [ 2024년 04월 27일(토) ],10:27,14:49,739,515,77.7,157.7,"전력망 제약, 전력수급 제약",https://new.kpx.or.kr/board.es?mid=a10109050000&bid=0216&act=view&list_no=72357&tag=&nPage=32
72400,2024-05-02,제주,전망,제주 출력제한 전망안내 [ 2024년 05월 02일(목) ],,,,,,,,https://new.kpx.or.kr/board.es?mid=a10109050000&bid=0216&act=view&list_no=72400&tag=&nPage=32
72408,2024-05-03,제주,전망,제주 출력제한 전망안내 [ 2024년 05월 03일(금) ],,,,,,,,https://new.kpx.or.kr/board.es?mid=a10109050000&bid=0216&act=view&list_no=72408&tag=&nPage=32
72410,2024-05-02,제주,실적,제주 출력제한 실적 공지 [ 2024년 05월 02일(목) ],10:26,14:19,776,537,25.0,277.9,"전력망 제약, 전력수급 제약",https://new.kpx.or.kr/board.es?mid=a10109050000&bid=0216&act=view&list_no=72410&tag=&nPage=32
72417,2024-05-04,제주,전망,제주 출력제한 전망안내 [ 2024년 05월 04일(토) ],,,,,,,,https://new.kpx.or.kr/board.es?mid=a10109050000&bid=0216&act=view&list_no=72417&tag=&nPage=32
72425,2024-05-03,제주,실적,제주 출력제한 실적 공지 [ 2024년 05월 03일(금) ],10:50,13:32,774,546,16.6,149.7,"전력망 제약, 전력수급 제약",https://new.kpx.or.kr/board.es?mid=a10109050000&bid=0216&act=view&list_no=72425&tag=&nPage=31
72443,2024-05-07,제주,실적,제주 출력제한 실적 공지 [ 2024년 05월 07일(화) ],09:00,15:24,746,543,21.3,304.5,"전력망 제약, 전력수급 제약",https://new.kpx.or.kr/board.es?mid=a10109050000&bid=0216&act=view&list_no=72443&tag=&nPage=31
72449,2024-05-09,제주,전망,제주 출력제한 전망안내 [ 2024년 05월 09일(목) ],,,,,,,,https://new.kpx.or.kr/board.es?mid=a10109050000&bid=0216&act=view&list_no=72449&tag=&nPage=31
72464,2024-05-10,제주,전망,제주 출력제한 전망안내 [ 2024년 05월 10일(금) ],,,,,,,,https://new.kpx.or.kr/board.es?mid=a10109050000&bid=0216&act=view&list_no=72464&tag=&nPage=31
72472,2024-05-09,제주,실적,제주 출력제한 실적 공지 [ 2024년 05월 09일(목) ],10:44,14:38,762,538,29.6,76.3,"전력망 제약, 전력수급 제약",https://new.kpx.or.kr/board.es?mid=a10109050000&bid=0216&act=view&list_no=72472&tag=&nPage=31
72489,2024-05-10,제주,실적,제주 출력제한 실적 공지 [ 2024년 05월 10일(금) ],10:35,15:09,736,534,35.0,255.5,"전력망 제약, 전력수급 제약",https://new.kpx.or.kr/board.es?mid=a10109050000&bid=0216&act=view&list_no=72489&tag=&nPage=31
72490,2024-05-11,제주,실적,제주 출력제한 실적 공지 [ 2024년 05월 11일(토) ],10:38,12:52,724,549,,86,"전력망 제약, 전력수급 제약",https://new.kpx.or.kr/board.es?mid=a10109050000&bid=0216&act=view&list_no=72490&tag=&nPage=31
72491,2024-05-13,제주,전망,제주 출력제한 전망안내 [ 2024년 05월 13일(월) ],,,,,,,,https://new.kpx.or.kr/board.es?mid=a10109050000&bid=0216&act=view&list_no=72491&tag=&nPage=31
72500,2024-05-14,제주,전망,제주 출력제한 전망안내 [ 2024년 05월 14일(화) ],,,,,,,,https://new.kpx.or.kr/board.es?mid=a10109050000&bid=0216&act=view&list_no=72500&tag=&nPage=31
72505,2024-05-13,제주,실적,제주 출력제한 실적 공지 [ 2024년 05월 13일(월) ],10:42,15:06,746,545,34.2,217.5,"전력망 제약, 전력수급 제약",https://new.kpx.or.kr/board.es?mid=a10109050000&bid=0216&act=view&list_no=72505&tag=&nPage=31
72508,2024-05-15,제주,전망,제주 출력제한 전망안내 [ 2024년 05월 15일(수) ],,,,,,,,https://new.kpx.or.kr/board.es?mid=a10109050000&bid=0216&act=view&list_no=72508&tag=&nPage=30
72511,2024-05-14,제주,실적,제주 출력제한 실적 공지 [ 2024년 05월 14일(화) ],11:08,14:48,737,535,29.6,,"전력망 제약, 전력수급 제약",https://new.kpx.or.kr/board.es?mid=a10109050000&bid=0216&act=view&list_no=72511&tag=&nPage=30
72512,2024-05-16,제주,전망,제주 출력제한 전망안내 [ 2024년 05월 16일(목) ],,,,,,,,https://new.kpx.or.kr/board.es?mid=a10109050000&bid=0216&act=view&list_no=72512&tag=&nPage=30
72514,2024-05-15,제주,실적,제주 출력제한 실적 공지 [ 2024년 05월 15일(수) ],11:08,14:48,745,498,121.1,285,"전력망 제약, 전력수급 제약",https://new.kpx.or.kr/board.es?mid=a10109050000&bid=0216&act=view&list_no=72514&tag=&nPage=30
72519,2024-05-17,제주,전망,제주 출력제한 전망안내 [ 2024년 05월 17일(금) ],,,,,,,,https://new.kpx.or.kr/board.es?mid=a10109050000&bid=0216&act=view&list_no=72519&tag=&nPage=30
72520,2024-05-16,제주,실적,제주 출력제한 실적 공지 [ 2024년 05월 16일(목) ],08:49,16:03,748,526,18.5,300.5,"전력망 제약, 전력수급 제약",https://new.kpx.or.kr/board.es?mid=a10109050000&bid=0216&act=view&list_no=72520&tag=&nPage=30
72537,2024-05-18,제주,전망,제주 출력제한 전망안내 [ 2024년 05월 18일(토) ],,,,,,,,https://new.kpx.or.kr/board.es?mid=a10109050000&bid=0216&act=view&list_no=72537&tag=&nPage=30
72539,2024-05-17,제주,실적,제주 출력제한 실적 공지 [ 2024년 05월 17일(금) ],09:13,15:29,735,547,113.1,255.0,"전력망 제약, 전력수급 제약",https://new.kpx.or.kr/board.es?mid=a10109050000&bid=0216&act=view&list_no=72539&tag=&nPage=30
72540,2024-05-19,제주,전망,제주 출력제한 전망안내 [ 2024년 05월 19일(일) ],,,,,,,,https://new.kpx.or.kr/board.es?mid=a10109050000&bid=0216&act=view&list_no=72540&tag=&nPage=30
72541,2024-05-18,제주,실적,제주 출력제한 실적 공지 [ 2024년 05월 18일(토) ],10:10,15:30,722,522,48.6,206.5,"전력망 제약, 전력수급 제약",https://new.kpx.or.kr/board.es?mid=a10109050000&bid=0216&act=view&list_no=72541&tag=&nPage=30
72543,2024-05-20,제주,전망,제주 출력제한 전망안내 [ 2024년 05월 20일(월) ],,,,,,,,https://new.kpx.or.kr/board.es?mid=a10109050000&bid=0216&act=view&list_no=72543&tag=&nPage=29
72544,2024-05-19,제주,실적,제주 출력제한 실적 공지 [ 2024년 05월 19일(일) ],10:45,15:09,723,500,61.3,61.9,"전력망 제약, 전력수급 제약",https://new.kpx.or.kr/board.es?mid=a10109050000&bid=0216&act=view&list_no=72544&tag=&nPage=29
72553,2024-05-21,제주,전망,제주 출력제한 전망안내 [ 2024년 05월 21일(화) ],,,,,,,,https://new.kpx.or.kr/board.es?mid=a10109050000&bid=0216&act=view&list_no=72553&tag=&nPage=29
72592,2024-05-24,제주,전망,제주 출력제한 전망안내 [ 2024년 05월 24일(금) ],,,,,,,,https://new.kpx.or.kr/board.es?mid=a10109050000&bid=0216&act=view&list_no=72592&tag=&nPage=29
72608,2024-05-25,제주,전망,제주 출력제한 전망안내 [ 2024년 05월 25일(토) ],,,,,,,,https://new.kpx.or.kr/board.es?mid=a10109050000&bid=0216&act=view&list_no=72608&tag=&nPage=29
72615,2024-05-24,제주,실적,제주 출력제한 실적 공지 [ 2024년 05월 24일(금) ],11:20,14:22,736,549,12.1,270.5,"전력망 제약, 전력수급 제약",https://new.kpx.or.kr/board.es?mid=a10109050000&bid=0216&act=view&list_no=72615&tag=&nPage=29
72616,2024-05-25,제주,실적,제주 출력제한 실적 공지 [ 2024년 05월 25일(토) ],11:20,15:03,712,539,46.2,204.5,"전력망 제약, 전력수급 제약",https://new.kpx.or.kr/board.es?mid=a10109050000&bid=0216&act=view&list_no=72616&tag=&nPage=29
72625,2024-05-28,제주,전망,제주 출력제한 전망안내 [ 2024년 05월 28일(화) ],,,,,,,,https://new.kpx.or.kr/board.es?mid=a10109050000&bid=0216&act=view&list_no=72625&tag=&nPage=29
72627,2024-05-27,제주,실적,제주 출력제한 실적 공지 [ 2024년 05월 27일(월) ],11:21,11:39,724,527,,81,"전력망 제약, 전력수급 제약",https://new.kpx.or.kr/board.es?mid=a10109050000&bid=0216&act=view&list_no=72627&tag=&nPage=29
72640,2024-05-29,제주,전망,제주 출력제한 전망안내 [ 2024년 05월 29일(수) ],,,,,,,,https://new.kpx.or.kr/board.es?mid=a10109050000&bid=0216&act=view&list_no=72640&tag=&nPage=29
72641,2024-05-28,제주,실적,제주 출력제한 실적 공지 [ 2024년 05월 28일(화) ],09:29,15:13,734,535,32.9,300.5,"전력망 제약, 전력수급 제약",https://new.kpx.or.kr/board.es?mid=a10109050000&bid=0216&act=view&list_no=72641&tag=&nPage=28
72676,2024-05-30,제주,실적,제주 출력제한 실적 공지 [ 2024년 05월 30일(목) ],11:33,15:03,738,554,25.8,117.7,"전력망 제약, 전력수급 제약",https://new.kpx.or.kr/board.es?mid=a10109050000&bid=0216&act=view&list_no=72676&tag=&nPage=28
72680,2024-06-01,제주,전망,제주 출력제한 전망안내 [ 2024년 06월 01일(토) ],,,,,,,,https://new.kpx.or.kr/board.es?mid=a10109050000&bid=0216&act=view&list_no=72680&tag=&nPage=28
72686,2024-06-02,제주,전망,제주 출력제한 전망안내 [ 2024년 06월 02일(일) ],,,,,,,,https://new.kpx.or.kr/board.es?mid=a10109050000&bid=0216&act=view&list_no=72686&tag=&nPage=28
72687,2024-06-01,제주,실적,제주 출력제한 실적 공지 [ 2024년 06월 01일(토) ],12:09,14:27,702,527,56.4,,"전력망 제약, 전력수급 제약",https://new.kpx.or.kr/board.es?mid=a10109050000&bid=0216&act=view&list_no=72687&tag=&nPage=28
72693,2024-06-02,제주,실적,제주 출력제한 실적 공지 [ 2024년 06월 02일(일) ],11:27,13:42,701,509,71.3,,"전력망 제약, 전력수급 제약",https://new.kpx.or.kr/board.es?mid=a10109050000&bid=0216&act=view&list_no=72693&tag=&nPage=28
73614,2024-10-12,육지,전망,육지 출력제어 전망 안내 [2024년 10월 12일(토)],,,,,,,,https://new.kpx.or.kr/board.es?mid=a10109050000&bid=0216&act=view&list_no=73614&tag=&nPage=28
73615,2024-10-13,육지,전망,육지 출력제어 전망 안내 [2024년 10월 13일(일)],,,,,,,,https://new.kpx.or.kr/board.es?mid=a10109050000&bid=0216&act=view&list_no=73615&tag=&nPage=28
73632,2024-10-12,육지,실적,육지 출력제어 실적 안내 [2024년 10월 12일(토)],11:00,14:00,,,,,,https://new.kpx.or.kr/board.es?mid=a10109050000&bid=0216&act=view&list_no=73632&tag=&nPage=28
73633,2024-10-13,육지,취소/미시행,육지 출력제어 실적 안내 [2024년 10월 13일(일)-출력제어 없음],,,,,,,,https://new.kpx.or.kr/board.es?mid=a10109050000&bid=0216&act=view&list_no=73633&tag=&nPage=28
73646,2024-10-20,육지,전망,육지 출력제어 전망 안내 [2024년 10월 20일(일)],,,,,,,,https://new.kpx.or.kr/board.es?mid=a10109050000&bid=0216&act=view&list_no=73646&tag=&nPage=27
73654,2024-10-20,육지,취소/미시행,육지 출력제어 실적 안내 [2024년 10월 20일(일)-출력제어 없음],,,,,,,,https://new.kpx.or.kr/board.es?mid=a10109050000&bid=0216&act=view&list_no=73654&tag=&nPage=27
73663,2024-10-23,제주,전망,제주 출력제어 전망 안내 [2024년 10월 23일(수)],,,,,,,,https://new.kpx.or.kr/board.es?mid=a10109050000&bid=0216&act=view&list_no=73663&tag=&nPage=27
73672,2024-10-24,제주,전망,제주 출력제어 전망 안내 [2024년 10월 24일(목)],,,,,,,,https://new.kpx.or.kr/board.es?mid=a10109050000&bid=0216&act=view&list_no=73672&tag=&nPage=27
73674,2024-10-23,제주,취소/미시행,제주 출력제어 실적 안내 [2024년 10월 23일(수)-출력제어 없음],,,,,,,,https://new.kpx.or.kr/board.es?mid=a10109050000&bid=0216&act=view&list_no=73674&tag=&nPage=27
73679,2024-10-24,제주,취소/미시행,제주 출력제어 실적 안내 [2024년 10월 24일(목)-출력제어 없음],,,,,,,,https://new.kpx.or.kr/board.es?mid=a10109050000&bid=0216&act=view&list_no=73679&tag=&nPage=27
73684,2024-10-24,육지,실적,육지 출력제어 실적 안내 [2024년 10월 24일(목)],12:00,16:00,,,,,,https://new.kpx.or.kr/board.es?mid=a10109050000&bid=0216&act=view&list_no=73684&tag=&nPage=27
73690,2024-10-26,육지,실적,육지 출력제어 실적 안내 [2024년 10월 26일(토)],12:00,13:00,,,,,,https://new.kpx.or.kr/board.es?mid=a10109050000&bid=0216&act=view&list_no=73690&tag=&nPage=27
73732,2024-11-03,육지,전망,육지 출력제어 전망 안내 [2024년 11월 3일(일)],,,,,,,,https://new.kpx.or.kr/board.es?mid=a10109050000&bid=0216&act=view&list_no=73732&tag=&nPage=27
73739,2024-11-05,제주,전망,제주 출력제어 전망 안내 [2024년 11월 5일(화)],,,,,,,,https://new.kpx.or.kr/board.es?mid=a10109050000&bid=0216&act=view&list_no=73739&tag=&nPage=27
73740,2024-11-03,육지,실적,육지 출력제어 실적 안내 [2024년 11월 3일(일)],10:00,14:00,,,,,,https://new.kpx.or.kr/board.es?mid=a10109050000&bid=0216&act=view&list_no=73740&tag=&nPage=26
73747,2024-11-06,제주,전망,제주 출력제어 전망 안내 [2024년 11월 6일(수)],,,,,,,,https://new.kpx.or.kr/board.es?mid=a10109050000&bid=0216&act=view&list_no=73747&tag=&nPage=26
73749,2024-11-06,육지,전망,육지 출력제어 전망 안내 [2024년 11월 6일(수)],,,,,,,,https://new.kpx.or.kr/board.es?mid=a10109050000&bid=0216&act=view&list_no=73749&tag=&nPage=26
73750,2024-11-05,제주,취소/미시행,제주 출력제어 실적 안내 [2024년 11월 5일(화)-출력제어 없음],,,,,,,,https://new.kpx.or.kr/board.es?mid=a10109050000&bid=0216&act=view&list_no=73750&tag=&nPage=26
73759,2024-11-06,제주,취소/미시행,제주 출력제어 실적 안내 [2024년 11월 6일(수)-출력제어 없음],,,,,,,,https://new.kpx.or.kr/board.es?mid=a10109050000&bid=0216&act=view&list_no=73759&tag=&nPage=26
73761,2024-11-05,육지,실적,육지 출력제어 실적 안내 [2024년 11월 5일(화)],12:00,15:00,,,,,,https://new.kpx.or.kr/board.es?mid=a10109050000&bid=0216&act=view&list_no=73761&tag=&nPage=26
73762,2024-11-06,육지,실적,육지 출력제어 실적 안내 [2024년 11월 6일(수)],12:00,14:00,,,,,,https://new.kpx.or.kr/board.es?mid=a10109050000&bid=0216&act=view&list_no=73762&tag=&nPage=26
73795,,육지,실적,육지 출력제어 10월 실적 안내,,,,,,,,https://new.kpx.or.kr/board.es?mid=a10109050000&bid=0216&act=view&list_no=73795&tag=&nPage=26
73800,,제주,실적,제주 출력제어 10월 실적 안내,,,,,,,,https://new.kpx.or.kr/board.es?mid=a10109050000&bid=0216&act=view&list_no=73800&tag=&nPage=26
73810,2024-11-17,제주,전망,제주 출력제어 전망 안내 [2024년 11월 17일(일)],,,,,,,,https://new.kpx.or.kr/board.es?mid=a10109050000&bid=0216&act=view&list_no=73810&tag=&nPage=26
73811,2024-11-17,제주,취소/미시행,제주 출력제어 실적 안내 [2024년 11월 17일(일)-출력제어 없음],,,,,,,,https://new.kpx.or.kr/board.es?mid=a10109050000&bid=0216&act=view&list_no=73811&tag=&nPage=25
73820,2024-11-18,육지,실적,육지 출력제어 실적 안내 [2024년 11월 18일(월)],12:00,14:00,,,,,,https://new.kpx.or.kr/board.es?mid=a10109050000&bid=0216&act=view&list_no=73820&tag=&nPage=25
73834,2024-11-22,육지,전망,육지 출력제어 전망 안내 [2024년 11월 22일(금)],,,,,,,,https://new.kpx.or.kr/board.es?mid=a10109050000&bid=0216&act=view&list_no=73834&tag=&nPage=25
73846,2024-11-22,육지,취소/미시행,육지 출력제어 실적 안내 [2024년 11월 22일(금)-출력제어 없음],,,,,,,,https://new.kpx.or.kr/board.es?mid=a10109050000&bid=0216&act=view&list_no=73846&tag=&nPage=25
73847,2024-11-24,육지,전망,육지 출력제어 전망 안내 [2024년 11월 24일(일)],,,,,,,,https://new.kpx.or.kr/board.es?mid=a10109050000&bid=0216&act=view&list_no=73847&tag=&nPage=25
73849,2024-11-24,육지,취소/미시행,육지 출력제어 실적 안내 [2024년 11월 24일(일)-출력제어 없음],,,,,,,,https://new.kpx.or.kr/board.es?mid=a10109050000&bid=0216&act=view&list_no=73849&tag=&nPage=25
73909,2024-12-04,육지,실적,육지 출력제어 실적 안내 [2024년 12월 4일(수)],12:00,13:00,,,,,,https://new.kpx.or.kr/board.es?mid=a10109050000&bid=0216&act=view&list_no=73909&tag=&nPage=25
73932,,육지,실적,육지 출력제어 11월 실적 안내,,,,,,,,https://new.kpx.or.kr/board.es?mid=a10109050000&bid=0216&act=view&list_no=73932&tag=&nPage=25
73933,,제주,실적,제주 출력제어 11월 실적 안내,,,,,,,,https://new.kpx.or.kr/board.es?mid=a10109050000&bid=0216&act=view&list_no=73933&tag=&nPage=25
74036,2025-01-01,육지,전망,육지 출력제어 전망 안내 [2025년 1월 1일(수)],,,,,,,,https://new.kpx.or.kr/board.es?mid=a10109050000&bid=0216&act=view&list_no=74036&tag=&nPage=25
74093,2025-01-01,육지,취소/미시행,육지 출력제어 실적 안내 [2025년 1월 1일(수)-출력제어 없음],,,,,,,,https://new.kpx.or.kr/board.es?mid=a10109050000&bid=0216&act=view&list_no=74093&tag=&nPage=24
74144,,육지,실적,육지 출력제어 12월 실적 안내,,,,,,,,https://new.kpx.or.kr/board.es?mid=a10109050000&bid=0216&act=view&list_no=74144&tag=&nPage=24
74145,,제주,실적,제주 출력제어 12월 실적 안내,,,,,,,,https://new.kpx.or.kr/board.es?mid=a10109050000&bid=0216&act=view&list_no=74145&tag=&nPage=24
74314,2025-02-14,육지,전망,육지 출력제어 전망 안내[2025년 2월 14일(금)],,,,,,,,https://new.kpx.or.kr/board.es?mid=a10109050000&bid=0216&act=view&list_no=74314&tag=&nPage=24
74322,2025-02-17,육지,전망,육지 출력제어 전망 안내[2025년 2월 17일(월)],,,,,,,,https://new.kpx.or.kr/board.es?mid=a10109050000&bid=0216&act=view&list_no=74322&tag=&nPage=24
74332,2025-02-18,제주,전망,제주 출력제어 전망 안내 [2025년 2월 18일(화)],,,,,,,,https://new.kpx.or.kr/board.es?mid=a10109050000&bid=0216&act=view&list_no=74332&tag=&nPage=24
74334,2025-02-18,육지,전망,육지 출력제어 전망 안내 [2025년 2월 18일(화)],,,,,,,,https://new.kpx.or.kr/board.es?mid=a10109050000&bid=0216&act=view&list_no=74334&tag=&nPage=24
74335,2025-02-14,육지,실적,육지 출력제어 실적 안내 [2025년 2월 14일(금)],12:00,14:00,,,,,,https://new.kpx.or.kr/board.es?mid=a10109050000&bid=0216&act=view&list_no=74335&tag=&nPage=24
74341,2025-02-19,제주,전망,제주 출력제어 전망 안내 [2025년 2월 19일(수)],,,,,,,,https://new.kpx.or.kr/board.es?mid=a10109050000&bid=0216&act=view&list_no=74341&tag=&nPage=24
74342,2025-02-17,육지,취소/미시행,육지 출력제어 실적 안내 [2025년 2월 17일(월)-출력제어 없음],,,,,,,,https://new.kpx.or.kr/board.es?mid=a10109050000&bid=0216&act=view&list_no=74342&tag=&nPage=24
74343,2025-02-19,육지,전망,육지 출력제어 전망 안내 [2025년 2월 19일(수)],,,,,,,,https://new.kpx.or.kr/board.es?mid=a10109050000&bid=0216&act=view&list_no=74343&tag=&nPage=23
74344,2025-02-18,제주,취소/미시행,제주 출력제어 실적 안내 [2025년 2월 18일(화)-출력제어 없음],,,,,,,,https://new.kpx.or.kr/board.es?mid=a10109050000&bid=0216&act=view&list_no=74344&tag=&nPage=23
74359,2025-02-20,육지,전망,육지 출력제어 전망 안내 [2025년 2월 20일(목)],,,,,,,,https://new.kpx.or.kr/board.es?mid=a10109050000&bid=0216&act=view&list_no=74359&tag=&nPage=23
74361,2025-02-19,제주,취소/미시행,제주 출력제어 실적 안내 [2025년 2월 19일(수)-출력제어 없음],,,,,,,,https://new.kpx.or.kr/board.es?mid=a10109050000&bid=0216&act=view&list_no=74361&tag=&nPage=23
74378,2025-02-22,육지,전망,육지 출력제어 전망 안내[2025년 2월 22일(토)],,,,,,,,https://new.kpx.or.kr/board.es?mid=a10109050000&bid=0216&act=view&list_no=74378&tag=&nPage=23
74381,2025-02-24,육지,전망,육지 출력제어 전망 안내[2025년 2월 24일(월)],,,,,,,,https://new.kpx.or.kr/board.es?mid=a10109050000&bid=0216&act=view&list_no=74381&tag=&nPage=23
74424,2025-02-26,제주,전망,제주 출력제어 전망 안내 [2025년 2월 26일(수)],,,,,,,,https://new.kpx.or.kr/board.es?mid=a10109050000&bid=0216&act=view&list_no=74424&tag=&nPage=23
74427,2025-02-26,육지,전망,육지 출력제어 전망 안내[2025년 2월 26일(수)],,,,,,,,https://new.kpx.or.kr/board.es?mid=a10109050000&bid=0216&act=view&list_no=74427&tag=&nPage=23
74527,2025-02-26,제주,취소/미시행,제주 출력제어 실적 안내 [2025년 2월 26일(수)-출력제어 없음],,,,,,,,https://new.kpx.or.kr/board.es?mid=a10109050000&bid=0216&act=view&list_no=74527&tag=&nPage=23
74553,2025-03-06,제주,전망,제주 출력제어 전망 안내 [2025년 3월 6일(목)],,,,,,,,https://new.kpx.or.kr/board.es?mid=a10109050000&bid=0216&act=view&list_no=74553&tag=&nPage=23
74568,2025-03-06,제주,취소/미시행,제주 출력제어 실적 안내 [2025년 3월 6일(목)-출력제어 없음],,,,,,,,https://new.kpx.or.kr/board.es?mid=a10109050000&bid=0216&act=view&list_no=74568&tag=&nPage=22
74577,2025-03-09,제주,전망,제주 출력제어 전망 안내 [2025년 3월 9일(일)],,,,,,,,https://new.kpx.or.kr/board.es?mid=a10109050000&bid=0216&act=view&list_no=74577&tag=&nPage=22
74578,2025-03-09,육지,전망,육지 출력제어 전망 안내[2025년 3월 9일(일)],,,,,,,,https://new.kpx.or.kr/board.es?mid=a10109050000&bid=0216&act=view&list_no=74578&tag=&nPage=22
74582,2025-03-09,제주,취소/미시행,제주 출력제어 실적 안내 [2025년 3월 9일(일)-출력제어 없음],,,,,,,,https://new.kpx.or.kr/board.es?mid=a10109050000&bid=0216&act=view&list_no=74582&tag=&nPage=22
74621,2025-03-19,육지,전망,육지 출력제어 전망 안내[2025년 3월 19일(수)],,,,,,,,https://new.kpx.or.kr/board.es?mid=a10109050000&bid=0216&act=view&list_no=74621&tag=&nPage=22
74623,2025-03-14,육지,전망,육지 출력제어 전망 안내[2025년 3월 14일(금)],,,,,,,,https://new.kpx.or.kr/board.es?mid=a10109050000&bid=0216&act=view&list_no=74623&tag=&nPage=22
74642,2025-03-21,제주,전망,제주 출력제어 전망 안내[2025년 3월 21일(금)],,,,,,,,https://new.kpx.or.kr/board.es?mid=a10109050000&bid=0216&act=view&list_no=74642&tag=&nPage=22
74648,2025-03-22,육지,전망,육지 출력제어 전망 안내[2025년 3월 22일(토)],,,,,,,,https://new.kpx.or.kr/board.es?mid=a10109050000&bid=0216&act=view&list_no=74648&tag=&nPage=22
74649,2025-03-22,제주,전망,제주 출력제어 전망 안내[2025년 3월 22일(토)],,,,,,,,https://new.kpx.or.kr/board.es?mid=a10109050000&bid=0216&act=view&list_no=74649&tag=&nPage=22
74651,2025-03-21,제주,취소/미시행,제주 출력제어 실적 안내 [2025년 3월 21일(금)-출력제어 없음],,,,,,,,https://new.kpx.or.kr/board.es?mid=a10109050000&bid=0216&act=view&list_no=74651&tag=&nPage=22
74652,2025-03-23,육지,전망,육지 출력제어 전망 안내[2025년 3월 23일(일)],,,,,,,,https://new.kpx.or.kr/board.es?mid=a10109050000&bid=0216&act=view&list_no=74652&tag=&nPage=21
74653,2025-03-23,제주,전망,제주 출력제어 전망 안내[2025년 3월 23일(일)],,,,,,,,https://new.kpx.or.kr/board.es?mid=a10109050000&bid=0216&act=view&list_no=74653&tag=&nPage=21
74654,2025-03-22,제주,취소/미시행,제주 출력제어 실적 안내 [2025년 3월 22일(토)-출력제어 없음],,,,,,,,https://new.kpx.or.kr/board.es?mid=a10109050000&bid=0216&act=view&list_no=74654&tag=&nPage=21
74656,2025-03-23,제주,취소/미시행,제주 출력제어 실적 안내 [2025년 3월 23일(일)-출력제어 없음],,,,,,,,https://new.kpx.or.kr/board.es?mid=a10109050000&bid=0216&act=view&list_no=74656&tag=&nPage=21
74670,2025-03-26,육지,전망,육지 출력제어 전망 안내[2025년 3월 26일(수)],,,,,,,,https://new.kpx.or.kr/board.es?mid=a10109050000&bid=0216&act=view&list_no=74670&tag=&nPage=21
74706,2025-03-26,육지,전망,육지 출력제어 전망 안내[2025년 3월 26일(수)],,,,,,,,https://new.kpx.or.kr/board.es?mid=a10109050000&bid=0216&act=view&list_no=74706&tag=&nPage=21
74707,2025-03-28,육지,전망,육지 출력제어 전망 안내[2025년 3월 28일(금)],,,,,,,,https://new.kpx.or.kr/board.es?mid=a10109050000&bid=0216&act=view&list_no=74707&tag=&nPage=21
74710,2025-03-29,육지,전망,육지 출력제어 전망 안내[2025년 3월 29일(토)],,,,,,,,https://new.kpx.or.kr/board.es?mid=a10109050000&bid=0216&act=view&list_no=74710&tag=&nPage=21
74711,2025-03-30,육지,전망,육지 출력제어 전망 안내[2025년 3월 30일(일)],,,,,,,,https://new.kpx.or.kr/board.es?mid=a10109050000&bid=0216&act=view&list_no=74711&tag=&nPage=21
74712,2025-03-30,제주,전망,제주 출력제어 전망 안내[2025년 3월 30일(일)],,,,,,,,https://new.kpx.or.kr/board.es?mid=a10109050000&bid=0216&act=view&list_no=74712&tag=&nPage=21
74713,2025-03-29,제주,취소/미시행,제주 출력제어 실적 안내 [2025년 3월 29일(토)-출력제어 없음],,,,,,,,https://new.kpx.or.kr/board.es?mid=a10109050000&bid=0216&act=view&list_no=74713&tag=&nPage=20
74735,2025-02-14,육지,실적,육지 출력제어 실적 안내[2025년 2월 14일(금)],12:00,14:00,,,,,,https://new.kpx.or.kr/board.es?mid=a10109050000&bid=0216&act=view&list_no=74735&tag=&nPage=20
74736,2025-02-18,육지,실적,육지 출력제어 실적 안내[2025년 2월 18일(화)],12:00,15:00,,,,,,https://new.kpx.or.kr/board.es?mid=a10109050000&bid=0216&act=view&list_no=74736&tag=&nPage=20
74737,2025-02-19,육지,실적,육지 출력제어 실적 안내[2025년 2월 19일(수)],12:00,14:00,,,,,,https://new.kpx.or.kr/board.es?mid=a10109050000&bid=0216&act=view&list_no=74737&tag=&nPage=20
74738,2025-02-20,육지,실적,육지 출력제어 실적 안내[2025년 2월 20일(목)],12:00,15:00,,,,,,https://new.kpx.or.kr/board.es?mid=a10109050000&bid=0216&act=view&list_no=74738&tag=&nPage=20
74739,2025-02-21,육지,실적,육지 출력제어 실적 안내[2025년 2월 21일(금)],12:00,14:00,,,,,,https://new.kpx.or.kr/board.es?mid=a10109050000&bid=0216&act=view&list_no=74739&tag=&nPage=20
74740,2025-02-22,육지,실적,육지 출력제어 실적 안내[2025년 2월 22일(토)],12:00,16:00,,,,,,https://new.kpx.or.kr/board.es?mid=a10109050000&bid=0216&act=view&list_no=74740&tag=&nPage=20
74741,2025-02-23,육지,실적,육지 출력제어 실적 안내[2025년 2월 23일(일)],12:00,13:00,,,,,,https://new.kpx.or.kr/board.es?mid=a10109050000&bid=0216&act=view&list_no=74741&tag=&nPage=20
74742,2025-02-24,육지,실적,육지 출력제어 실적 안내[2025년 2월 24일(월)],12:00,13:00,,,,,,https://new.kpx.or.kr/board.es?mid=a10109050000&bid=0216&act=view&list_no=74742&tag=&nPage=20
74743,2025-02-26,육지,실적,육지 출력제어 실적 안내[2025년 2월 26일(수)],12:00,14:00,,,,,,https://new.kpx.or.kr/board.es?mid=a10109050000&bid=0216&act=view&list_no=74743&tag=&nPage=20
74744,2025-03-09,육지,실적,육지 출력제어 실적 안내[2025년 3월 9일(일)],11:00,16:00,,,,,,https://new.kpx.or.kr/board.es?mid=a10109050000&bid=0216&act=view&list_no=74744&tag=&nPage=19
74745,2025-03-11,육지,실적,육지 출력제어 실적 안내[2025년 3월 11일(화)],12:00,13:00,,,,,,https://new.kpx.or.kr/board.es?mid=a10109050000&bid=0216&act=view&list_no=74745&tag=&nPage=19
74746,2025-03-14,육지,실적,육지 출력제어 실적 안내[2025년 3월 14일(금)],11:00,14:00,,,,,,https://new.kpx.or.kr/board.es?mid=a10109050000&bid=0216&act=view&list_no=74746&tag=&nPage=19
74747,2025-03-19,육지,실적,육지 출력제어 실적 안내[2025년 3월 19일(수)],14:00,16:00,,,,,,https://new.kpx.or.kr/board.es?mid=a10109050000&bid=0216&act=view&list_no=74747&tag=&nPage=19
74748,2025-03-22,육지,실적,육지 출력제어 실적 안내[2025년 3월 22일(토)],11:00,15:00,,,,,,https://new.kpx.or.kr/board.es?mid=a10109050000&bid=0216&act=view&list_no=74748&tag=&nPage=19
74749,2025-03-23,육지,실적,육지 출력제어 실적 안내[2025년 3월 23일(일)],11:00,15:00,,,,,,https://new.kpx.or.kr/board.es?mid=a10109050000&bid=0216&act=view&list_no=74749&tag=&nPage=19
74785,2025-03-26,육지,실적,육지 출력제어 실적 안내[2025년 3월 26일(수)],12:00,13:00,,,,,,https://new.kpx.or.kr/board.es?mid=a10109050000&bid=0216&act=view&list_no=74785&tag=&nPage=19
74786,2025-03-28,육지,실적,육지 출력제어 실적 안내[2025년 3월 28일(금)],12:00,13:00,,,,,,https://new.kpx.or.kr/board.es?mid=a10109050000&bid=0216&act=view&list_no=74786&tag=&nPage=19
74791,2025-04-04,육지,전망,육지 출력제어 전망 안내[2025년 4월 4일(금)],,,,,,,,https://new.kpx.or.kr/board.es?mid=a10109050000&bid=0216&act=view&list_no=74791&tag=&nPage=19
74801,2025-04-06,육지,전망,육지 출력제어 전망 안내[2025년 4월 6일(일)],,,,,,,,https://new.kpx.or.kr/board.es?mid=a10109050000&bid=0216&act=view&list_no=74801&tag=&nPage=19
74803,2025-04-07,육지,전망,육지 출력제어 전망 안내[2025년 4월 7일(월)],,,,,,,,https://new.kpx.or.kr/board.es?mid=a10109050000&bid=0216&act=view&list_no=74803&tag=&nPage=18
74817,2025-04-08,육지,전망,육지 출력제어 전망 안내[2025년 4월 8일(화)],,,,,,,,https://new.kpx.or.kr/board.es?mid=a10109050000&bid=0216&act=view&list_no=74817&tag=&nPage=18
74823,2025-03-29,육지,실적,육지 출력제어 실적 안내[2025년 3월 29일(토)],11:00,13:00,,,,,,https://new.kpx.or.kr/board.es?mid=a10109050000&bid=0216&act=view&list_no=74823&tag=&nPage=18
74824,2025-03-30,육지,실적,육지 출력제어 실적 안내[2025년 3월 30일(일)],10:00,14:00,,,,,,https://new.kpx.or.kr/board.es?mid=a10109050000&bid=0216&act=view&list_no=74824&tag=&nPage=18
74859,2025-04-13,육지,전망,육지 출력제어 전망 안내[2025년 4월 13일(일)],,,,,,,,https://new.kpx.or.kr/board.es?mid=a10109050000&bid=0216&act=view&list_no=74859&tag=&nPage=18
74862,2025-04-13,제주,전망,제주 출력제어 전망 안내[2025년 4월 13일(일)],,,,,,,,https://new.kpx.or.kr/board.es?mid=a10109050000&bid=0216&act=view&list_no=74862&tag=&nPage=18
74864,2025-04-13,제주,취소/미시행,제주 출력제어 실적 안내 [2025년 4월 13일(일)-출력제어 없음],,,,,,,,https://new.kpx.or.kr/board.es?mid=a10109050000&bid=0216&act=view&list_no=74864&tag=&nPage=18
74877,2025-04-01,육지,실적,육지 출력제어 실적 안내[2025년 4월 1일(화)],12:00,15:00,,,,,,https://new.kpx.or.kr/board.es?mid=a10109050000&bid=0216&act=view&list_no=74877&tag=&nPage=18
74878,2025-04-02,육지,실적,육지 출력제어 실적 안내[2025년 4월 2일(수)],12:00,14:00,,,,,,https://new.kpx.or.kr/board.es?mid=a10109050000&bid=0216&act=view&list_no=74878&tag=&nPage=18
74879,2025-04-04,육지,실적,육지 출력제어 실적 안내[2025년 4월 4일(금)],12:00,15:00,,,,,,https://new.kpx.or.kr/board.es?mid=a10109050000&bid=0216&act=view&list_no=74879&tag=&nPage=18
74880,2025-04-06,육지,실적,육지 출력제어 실적 안내[2025년 4월 6일(일)],10:00,16:00,,,,,,https://new.kpx.or.kr/board.es?mid=a10109050000&bid=0216&act=view&list_no=74880&tag=&nPage=17
74881,2025-04-07,육지,실적,육지 출력제어 실적 안내[2025년 4월 7일(월)],11:00,14:00,,,,,,https://new.kpx.or.kr/board.es?mid=a10109050000&bid=0216&act=view&list_no=74881&tag=&nPage=17
74882,2025-04-08,육지,실적,육지 출력제어 실적 안내[2025년 4월 8일(화)],12:00,13:00,,,,,,https://new.kpx.or.kr/board.es?mid=a10109050000&bid=0216&act=view&list_no=74882&tag=&nPage=17
74910,2025-04-13,육지,실적,육지 출력제어 실적 안내[2025년 4월 13일(일)],11:00,14:00,,,,,,https://new.kpx.or.kr/board.es?mid=a10109050000&bid=0216&act=view&list_no=74910&tag=&nPage=17
74925,2025-04-20,육지,전망,육지 출력제어 전망 안내[2025년 4월 20일(일)],,,,,,,,https://new.kpx.or.kr/board.es?mid=a10109050000&bid=0216&act=view&list_no=74925&tag=&nPage=17
74933,,제주,기타,제주 출력제어 사전공지 시간변경 알림,,,,,,,,https://new.kpx.or.kr/board.es?mid=a10109050000&bid=0216&act=view&list_no=74933&tag=&nPage=17
74966,2025-04-26,육지,전망,육지 출력제어 전망 안내[2025년 4월 26일(토)],,,,,,,,https://new.kpx.or.kr/board.es?mid=a10109050000&bid=0216&act=view&list_no=74966&tag=&nPage=17
74968,2025-04-27,육지,전망,육지 출력제어 전망 안내[2025년 4월 27일(일)],,,,,,,,https://new.kpx.or.kr/board.es?mid=a10109050000&bid=0216&act=view&list_no=74968&tag=&nPage=17
74988,2025-04-28,육지,전망,육지 출력제어 전망 안내[2025년 4월 28일(월)],,,,,,,,https://new.kpx.or.kr/board.es?mid=a10109050000&bid=0216&act=view&list_no=74988&tag=&nPage=17
74989,2025-04-29,육지,전망,육지 출력제어  전망 안내[2025년 4월 29일(화)],,,,,,,,https://new.kpx.or.kr/board.es?mid=a10109050000&bid=0216&act=view&list_no=74989&tag=&nPage=17
75028,2025-05-04,육지,전망,육지 출력제어  전망 안내[2025년 5월 4일(일)],,,,,,,,https://new.kpx.or.kr/board.es?mid=a10109050000&bid=0216&act=view&list_no=75028&tag=&nPage=16
75029,2025-05-04,제주,전망,제주 출력제어 전망 안내[2025년 5월 4일(일)],,,,,,,,https://new.kpx.or.kr/board.es?mid=a10109050000&bid=0216&act=view&list_no=75029&tag=&nPage=16
75030,2025-04-20,육지,실적,육지 출력제어 실적 안내[2025년 4월 20일(일)],,,58683,44829,,,,https://new.kpx.or.kr/board.es?mid=a10109050000&bid=0216&act=view&list_no=75030&tag=&nPage=16
75031,2025-04-25,육지,실적,육지 출력제어 실적 안내[2025년 4월 25일(금)],12:00,14:00,,,,,,https://new.kpx.or.kr/board.es?mid=a10109050000&bid=0216&act=view&list_no=75031&tag=&nPage=16
75032,2025-04-26,육지,실적,육지 출력제어 실적 안내[2025년 4월 26일(토)],10:00,15:00,,,,,,https://new.kpx.or.kr/board.es?mid=a10109050000&bid=0216&act=view&list_no=75032&tag=&nPage=16
75033,2025-04-27,육지,실적,육지 출력제어 실적 안내[2025년 4월 27일(일)],10:00,14:00,,,,,,https://new.kpx.or.kr/board.es?mid=a10109050000&bid=0216&act=view&list_no=75033&tag=&nPage=16
75034,2025-04-28,육지,실적,육지 출력제어 실적 안내[2025년 4월 28일(월)],11:00,14:00,,,,,,https://new.kpx.or.kr/board.es?mid=a10109050000&bid=0216&act=view&list_no=75034&tag=&nPage=16
75035,2025-04-29,육지,실적,육지 출력제어 실적 안내[2025년 4월 29일(화)],12:00,13:00,,,,,,https://new.kpx.or.kr/board.es?mid=a10109050000&bid=0216&act=view&list_no=75035&tag=&nPage=16
75037,2025-05-04,제주,취소/미시행,제주 출력제어 실적 안내 [2025년 5월 4일(일)-출력제어 없음],,,,,,,,https://new.kpx.or.kr/board.es?mid=a10109050000&bid=0216&act=view&list_no=75037&tag=&nPage=16
75038,2025-05-07,육지,전망,육지 출력제어  전망 안내[2025년 5월 7일(수)],,,,,,,,https://new.kpx.or.kr/board.es?mid=a10109050000&bid=0216&act=view&list_no=75038&tag=&nPage=16
75087,2025-05-11,육지,전망,육지 출력제어  전망 안내[2025년 5월 11일(일)],,,,,,,,https://new.kpx.or.kr/board.es?mid=a10109050000&bid=0216&act=view&list_no=75087&tag=&nPage=15
75088,2025-05-12,육지,전망,육지 출력제어  전망 안내[2025년 5월 12일(월)],,,,,,,,https://new.kpx.or.kr/board.es?mid=a10109050000&bid=0216&act=view&list_no=75088&tag=&nPage=15
75128,2025-05-18,육지,전망,육지 출력제어  전망 안내[2025년 5월 18일(일)],,,,,,,,https://new.kpx.or.kr/board.es?mid=a10109050000&bid=0216&act=view&list_no=75128&tag=&nPage=15
75189,2025-05-25,육지,전망,육지 출력제어  전망 안내[2025년 5월 25일(일)],,,,,,,,https://new.kpx.or.kr/board.es?mid=a10109050000&bid=0216&act=view&list_no=75189&tag=&nPage=15
75247,2025-06-01,육지,전망,육지 출력제어  전망 안내[2025년 6월 1일(일)],,,,,,,,https://new.kpx.or.kr/board.es?mid=a10109050000&bid=0216&act=view&list_no=75247&tag=&nPage=15
75280,2025-06-08,육지,전망,육지 출력제어  전망 안내[2025년 6월 8일(일)],,,,,,,,https://new.kpx.or.kr/board.es?mid=a10109050000&bid=0216&act=view&list_no=75280&tag=&nPage=15
75306,2025-05-02,육지,실적,육지 출력제어 실적 안내[2025년 5월 2일(금)],10:00,16:00,,,,,,https://new.kpx.or.kr/board.es?mid=a10109050000&bid=0216&act=view&list_no=75306&tag=&nPage=15
75307,2025-05-04,육지,실적,육지 출력제어 실적 안내[2025년 5월 4일(일)],09:00,16:00,,,,,,https://new.kpx.or.kr/board.es?mid=a10109050000&bid=0216&act=view&list_no=75307&tag=&nPage=15
75308,2025-05-07,육지,실적,육지 출력제어 실적 안내[2025년 5월 7일(수)],11:00,14:00,,,,,,https://new.kpx.or.kr/board.es?mid=a10109050000&bid=0216&act=view&list_no=75308&tag=&nPage=15
75309,2025-05-08,육지,실적,육지 출력제어 실적 안내[2025년 5월 8일(목)],11:00,14:00,,,,,,https://new.kpx.or.kr/board.es?mid=a10109050000&bid=0216&act=view&list_no=75309&tag=&nPage=15
75310,2025-05-11,육지,실적,육지 출력제어 실적 안내[2025년 5월 11일(일)],11:00,14:00,,,,,,https://new.kpx.or.kr/board.es?mid=a10109050000&bid=0216&act=view&list_no=75310&tag=&nPage=14
75311,2025-05-12,육지,실적,육지 출력제어 실적 안내[2025년 5월 12일(월)],12:00,13:00,,,,,,https://new.kpx.or.kr/board.es?mid=a10109050000&bid=0216&act=view&list_no=75311&tag=&nPage=14
75312,2025-05-18,육지,실적,육지 출력제어 실적 안내[2025년 5월 18일(일)],10:00,15:00,,,,,,https://new.kpx.or.kr/board.es?mid=a10109050000&bid=0216&act=view&list_no=75312&tag=&nPage=14
75313,2025-05-25,육지,실적,육지 출력제어 실적 안내[2025년 5월 25일(일)],10:00,16:00,,,,,,https://new.kpx.or.kr/board.es?mid=a10109050000&bid=0216&act=view&list_no=75313&tag=&nPage=14
75349,2025-06-01,육지,실적,육지 출력제어 실적 안내[2025년 6월 1일(일)],10:00,16:00,,,,,,https://new.kpx.or.kr/board.es?mid=a10109050000&bid=0216&act=view&list_no=75349&tag=&nPage=14
75350,2025-06-03,육지,실적,육지 출력제어 실적 안내[2025년 6월 3일(화)],13:00,15:00,,,,,,https://new.kpx.or.kr/board.es?mid=a10109050000&bid=0216&act=view&list_no=75350&tag=&nPage=14
75351,2025-06-04,육지,실적,육지 출력제어 실적 안내[2025년 6월 4일(수)],12:00,15:00,,,,,,https://new.kpx.or.kr/board.es?mid=a10109050000&bid=0216&act=view&list_no=75351&tag=&nPage=14
75352,2025-06-05,육지,실적,육지 출력제어 실적 안내[2025년 6월 5일(목)],12:00,13:00,,,,,,https://new.kpx.or.kr/board.es?mid=a10109050000&bid=0216&act=view&list_no=75352&tag=&nPage=14
75545,2025-06-11,육지,실적,육지 출력제어 실적 안내[2025년 6월 11일(수)],12:00,14:00,,,,,,https://new.kpx.or.kr/board.es?mid=a10109050000&bid=0216&act=view&list_no=75545&tag=&nPage=14
75549,,육지,실적,육지 출력제어 2025년 2월 실적 안내,,,,,,,,https://new.kpx.or.kr/board.es?mid=a10109050000&bid=0216&act=view&list_no=75549&tag=&nPage=14
75550,,육지,실적,육지 출력제어 2025년 3월 실적 안내,,,,,,,,https://new.kpx.or.kr/board.es?mid=a10109050000&bid=0216&act=view&list_no=75550&tag=&nPage=13
75551,,육지,실적,육지 출력제어 2025년 4월 실적 안내,,,,,,,,https://new.kpx.or.kr/board.es?mid=a10109050000&bid=0216&act=view&list_no=75551&tag=&nPage=13
75552,,육지,실적,육지 출력제어 2025년 5월 실적 안내,,,,,,,,https://new.kpx.or.kr/board.es?mid=a10109050000&bid=0216&act=view&list_no=75552&tag=&nPage=13
75553,,육지,실적,육지 출력제어 2025년 6월 실적 안내,,,,,,,,https://new.kpx.or.kr/board.es?mid=a10109050000&bid=0216&act=view&list_no=75553&tag=&nPage=13
75711,2025-05-24,육지,실적,육지 출력제어 실적 안내[2025년 5월 24일(토)],10:00,16:00,,,,,,https://new.kpx.or.kr/board.es?mid=a10109050000&bid=0216&act=view&list_no=75711&tag=&nPage=13
75712,2025-05-31,육지,실적,육지 출력제어 실적 안내[2025년 5월 31일(토)],10:00,16:00,,,,,,https://new.kpx.or.kr/board.es?mid=a10109050000&bid=0216&act=view&list_no=75712&tag=&nPage=13
75713,2025-06-06,육지,실적,육지 출력제어 실적 안내[2025년 6월 6일(금)],10:00,17:00,,,,,,https://new.kpx.or.kr/board.es?mid=a10109050000&bid=0216&act=view&list_no=75713&tag=&nPage=13
75714,2025-06-07,육지,실적,육지 출력제어 실적 안내[2025년 6월 7일(토)],10:00,17:00,,,,,,https://new.kpx.or.kr/board.es?mid=a10109050000&bid=0216&act=view&list_no=75714&tag=&nPage=13
75715,2025-06-08,육지,실적,육지 출력제어 실적 안내[2025년 6월 8일(일)],10:00,17:00,,,,,,https://new.kpx.or.kr/board.es?mid=a10109050000&bid=0216&act=view&list_no=75715&tag=&nPage=13
75716,2025-06-14,육지,실적,육지 출력제어 실적 안내[2025년 6월 14일(토)],10:00,17:00,,,,,,https://new.kpx.or.kr/board.es?mid=a10109050000&bid=0216&act=view&list_no=75716&tag=&nPage=13
75717,2025-06-15,육지,실적,육지 출력제어 실적 안내[2025년 6월 15일(일)],10:00,17:00,,,,,,https://new.kpx.or.kr/board.es?mid=a10109050000&bid=0216&act=view&list_no=75717&tag=&nPage=12
75718,2025-06-21,육지,실적,육지 출력제어 실적 안내[2025년 6월 21일(토)],10:00,17:00,,,,,,https://new.kpx.or.kr/board.es?mid=a10109050000&bid=0216&act=view&list_no=75718&tag=&nPage=12
75719,2025-06-22,육지,실적,육지 출력제어 실적 안내[2025년 6월 22일(일)],10:00,17:00,,,,,,https://new.kpx.or.kr/board.es?mid=a10109050000&bid=0216&act=view&list_no=75719&tag=&nPage=12
75720,2025-06-28,육지,실적,육지 출력제어 실적 안내[2025년 6월 28일(토)],10:00,17:00,,,,,,https://new.kpx.or.kr/board.es?mid=a10109050000&bid=0216&act=view&list_no=75720&tag=&nPage=12
75721,2025-06-29,육지,실적,육지 출력제어 실적 안내[2025년 6월 29일(일)],10:00,17:00,,,,,,https://new.kpx.or.kr/board.es?mid=a10109050000&bid=0216&act=view&list_no=75721&tag=&nPage=12
75722,2025-07-05,육지,실적,육지 출력제어 실적 안내[2025년 7월 5일(토)],10:00,17:00,,,,,,https://new.kpx.or.kr/board.es?mid=a10109050000&bid=0216&act=view&list_no=75722&tag=&nPage=12
75723,2025-07-06,육지,실적,육지 출력제어 실적 안내[2025년 7월 6일(일)],10:00,17:00,,,,,,https://new.kpx.or.kr/board.es?mid=a10109050000&bid=0216&act=view&list_no=75723&tag=&nPage=12
76075,2025-09-20,육지,실적,육지 출력제어 실적 안내[2025년 9월 20일(토)],10:00,17:00,,,,,,https://new.kpx.or.kr/board.es?mid=a10109050000&bid=0216&act=view&list_no=76075&tag=&nPage=12
76076,2025-09-21,육지,실적,육지 출력제어 실적 안내[2025년 9월 21일(일)],10:00,17:00,,,,,,https://new.kpx.or.kr/board.es?mid=a10109050000&bid=0216&act=view&list_no=76076&tag=&nPage=12
76077,2025-09-23,육지,실적,육지 출력제어 실적 안내[2025년 9월 23일(화)],12:00,13:00,,,,,,https://new.kpx.or.kr/board.es?mid=a10109050000&bid=0216&act=view&list_no=76077&tag=&nPage=12
76078,2025-09-27,육지,실적,육지 출력제어 실적 안내[2025년 9월 27일(토)],10:00,17:00,,,,,,https://new.kpx.or.kr/board.es?mid=a10109050000&bid=0216&act=view&list_no=76078&tag=&nPage=11
76079,2025-09-28,육지,실적,육지 출력제어 실적 안내[2025년 9월 28일(일)],10:00,17:00,,,,,,https://new.kpx.or.kr/board.es?mid=a10109050000&bid=0216&act=view&list_no=76079&tag=&nPage=11
76133,2025-10-03,육지,실적,육지 출력제어 실적 안내[2025년 10월 3일(금)],10:00,17:00,,,,,,https://new.kpx.or.kr/board.es?mid=a10109050000&bid=0216&act=view&list_no=76133&tag=&nPage=11
76134,2025-10-04,육지,실적,육지 출력제어 실적 안내[2025년 10월 4일(토)],10:00,17:00,,,,,,https://new.kpx.or.kr/board.es?mid=a10109050000&bid=0216&act=view&list_no=76134&tag=&nPage=11
76135,2025-10-05,육지,실적,육지 출력제어 실적 안내[2025년 10월 5일(일)],10:00,17:00,,,,,,https://new.kpx.or.kr/board.es?mid=a10109050000&bid=0216&act=view&list_no=76135&tag=&nPage=11
76136,2025-10-06,육지,실적,육지 출력제어 실적 안내[2025년 10월 6일(월)],10:00,17:00,,,,,,https://new.kpx.or.kr/board.es?mid=a10109050000&bid=0216&act=view&list_no=76136&tag=&nPage=11
76137,2025-10-07,육지,실적,육지 출력제어 실적 안내[2025년 10월 7일(화)],10:00,17:00,,,,,,https://new.kpx.or.kr/board.es?mid=a10109050000&bid=0216&act=view&list_no=76137&tag=&nPage=11
76138,2025-10-08,육지,실적,육지 출력제어 실적 안내[2025년 10월 8일(수)],10:00,17:00,,,,,,https://new.kpx.or.kr/board.es?mid=a10109050000&bid=0216&act=view&list_no=76138&tag=&nPage=11
76139,2025-10-09,육지,실적,육지 출력제어 실적 안내[2025년 10월 9일(목)],10:00,17:00,,,,,,https://new.kpx.or.kr/board.es?mid=a10109050000&bid=0216&act=view&list_no=76139&tag=&nPage=11
76140,2025-10-11,육지,실적,육지 출력제어 실적 안내[2025년 10월 11일(토)],10:00,17:00,,,,,,https://new.kpx.or.kr/board.es?mid=a10109050000&bid=0216&act=view&list_no=76140&tag=&nPage=11
76141,2025-10-12,육지,실적,육지 출력제어 실적 안내[2025년 10월 12일(일)],10:00,17:00,,,,,,https://new.kpx.or.kr/board.es?mid=a10109050000&bid=0216&act=view&list_no=76141&tag=&nPage=10
76142,2025-10-18,육지,실적,육지 출력제어 실적 안내[2025년 10월 18일(토)],10:00,17:00,,,,,,https://new.kpx.or.kr/board.es?mid=a10109050000&bid=0216&act=view&list_no=76142&tag=&nPage=10
76143,2025-10-19,육지,실적,육지 출력제어 실적 안내[2025년 10월 19일(일)],10:00,17:00,,,,,,https://new.kpx.or.kr/board.es?mid=a10109050000&bid=0216&act=view&list_no=76143&tag=&nPage=10
76144,2025-10-20,육지,실적,육지 출력제어 실적 안내[2025년 10월 20일(월)],11:00,14:00,,,,,,https://new.kpx.or.kr/board.es?mid=a10109050000&bid=0216&act=view&list_no=76144&tag=&nPage=10
76274,2025-10-25,육지,실적,육지 출력제어 실적 안내[2025년 10월 25일(토)],10:00,17:00,,,,,,https://new.kpx.or.kr/board.es?mid=a10109050000&bid=0216&act=view&list_no=76274&tag=&nPage=10
76275,2025-10-26,육지,실적,육지 출력제어 실적 안내[2025년 10월 26일(일)],10:00,17:00,,,,,,https://new.kpx.or.kr/board.es?mid=a10109050000&bid=0216&act=view&list_no=76275&tag=&nPage=10
76276,2025-11-01,육지,실적,육지 출력제어 실적 안내[2025년 11월 01일(토)],10:00,17:00,,,,,,https://new.kpx.or.kr/board.es?mid=a10109050000&bid=0216&act=view&list_no=76276&tag=&nPage=10
76277,2025-11-02,육지,실적,육지 출력제어 실적 안내[2025년 11월 02일(일)],10:00,17:00,,,,,,https://new.kpx.or.kr/board.es?mid=a10109050000&bid=0216&act=view&list_no=76277&tag=&nPage=10
76278,2025-11-08,육지,실적,육지 출력제어 실적 안내[2025년 11월 08일(토)],10:00,17:00,,,,,,https://new.kpx.or.kr/board.es?mid=a10109050000&bid=0216&act=view&list_no=76278&tag=&nPage=10
76279,2025-11-09,육지,실적,육지 출력제어 실적 안내[2025년 11월 09일(일)],10:00,17:00,,,,,,https://new.kpx.or.kr/board.es?mid=a10109050000&bid=0216&act=view&list_no=76279&tag=&nPage=10
76298,2025-11-15,육지,실적,육지 출력제어 실적 안내[2025년 11월 15일(토)],10:00,17:00,,,,,,https://new.kpx.or.kr/board.es?mid=a10109050000&bid=0216&act=view&list_no=76298&tag=&nPage=9
76299,2025-11-16,육지,실적,육지 출력제어 실적 안내[2025년 11월 16일(일)],10:00,17:00,,,,,,https://new.kpx.or.kr/board.es?mid=a10109050000&bid=0216&act=view&list_no=76299&tag=&nPage=9
76769,2026-01-27,육지,실적,육지 출력제어 실적 안내[2026년 1월 27일(화)],11:00,15:00,,,,,,https://new.kpx.or.kr/board.es?mid=a10109050000&bid=0216&act=view&list_no=76769&tag=&nPage=9
76770,2026-01-28,육지,실적,육지 출력제어 실적 안내[2026년 1월 28일(수)],12:00,15:00,,,,,,https://new.kpx.or.kr/board.es?mid=a10109050000&bid=0216&act=view&list_no=76770&tag=&nPage=9
76822,,육지,전망,육지 출력제어 전망 안내 [2026년 2월 17(화)],,,,,,,,https://new.kpx.or.kr/board.es?mid=a10109050000&bid=0216&act=view&list_no=76822&tag=&nPage=9
76823,,육지,전망,육지 출력제어 전망 안내 [2026년 2월 18(수)],,,,,,,,https://new.kpx.or.kr/board.es?mid=a10109050000&bid=0216&act=view&list_no=76823&tag=&nPage=9
76879,2026-02-06,육지,실적,육지 출력제어 실적 안내[2026년 2월 6일(금)],12:00,15:00,,,,,,https://new.kpx.or.kr/board.es?mid=a10109050000&bid=0216&act=view&list_no=76879&tag=&nPage=9
76941,2026-03-07,육지,전망,육지 출력제어 전망 안내 [2026년 3월 7일(토)],,,,,,,,https://new.kpx.or.kr/board.es?mid=a10109050000&bid=0216&act=view&list_no=76941&tag=&nPage=9
76946,2026-02-17,육지,실적,육지 출력제어 실적 안내[2026년 2월 17일(화)],11:00,15:00,,,,,,https://new.kpx.or.kr/board.es?mid=a10109050000&bid=0216&act=view&list_no=76946&tag=&nPage=9
76947,2026-02-18,육지,실적,육지 출력제어 실적 안내[2026년 2월 18일(수)],12:00,16:00,,,,,,https://new.kpx.or.kr/board.es?mid=a10109050000&bid=0216&act=view&list_no=76947&tag=&nPage=9
76948,2026-02-19,육지,실적,육지 출력제어 실적 안내[2026년 2월 19일(목)],12:00,14:00,,,,,,https://new.kpx.or.kr/board.es?mid=a10109050000&bid=0216&act=view&list_no=76948&tag=&nPage=8
76949,2026-02-21,육지,실적,육지 출력제어 실적 안내[2026년 2월 21일(토)],12:00,16:00,,,,,,https://new.kpx.or.kr/board.es?mid=a10109050000&bid=0216&act=view&list_no=76949&tag=&nPage=8
76950,2026-02-23,육지,실적,육지 출력제어 실적 안내[2026년 2월 23일(월)],12:00,15:00,,,,,,https://new.kpx.or.kr/board.es?mid=a10109050000&bid=0216&act=view&list_no=76950&tag=&nPage=8
76995,2026-03-21,육지,전망,육지 출력제어 전망 안내[2026년 3월 21일(토)],,,,,,,,https://new.kpx.or.kr/board.es?mid=a10109050000&bid=0216&act=view&list_no=76995&tag=&nPage=8
77016,2026-03-23,육지,전망,육지 출력제어 전망 안내 [2026년 3월 23일(월)],,,,,,,,https://new.kpx.or.kr/board.es?mid=a10109050000&bid=0216&act=view&list_no=77016&tag=&nPage=8
77017,2026-02-28,육지,실적,육지 출력제어 실적 안내[2026년 2월 28일(토)],10:00,17:00,,,,,,https://new.kpx.or.kr/board.es?mid=a10109050000&bid=0216&act=view&list_no=77017&tag=&nPage=8
77018,2026-03-01,육지,실적,육지 출력제어 실적 안내[2026년 3월 1일(일)],10:00,17:00,,,,,,https://new.kpx.or.kr/board.es?mid=a10109050000&bid=0216&act=view&list_no=77018&tag=&nPage=8
77019,2026-03-02,육지,실적,육지 출력제어 실적 안내[2026년 3월 2일(월)],10:00,17:00,,,,,,https://new.kpx.or.kr/board.es?mid=a10109050000&bid=0216&act=view&list_no=77019&tag=&nPage=8
77020,2026-03-04,육지,실적,육지 출력제어 실적 안내[2026년 3월 4일(수)],13:00,15:00,,,,,,https://new.kpx.or.kr/board.es?mid=a10109050000&bid=0216&act=view&list_no=77020&tag=&nPage=8
77055,2026-03-28,육지,전망,육지 출력제어 전망 안내[2026년 3월 28일(토)],,,,,,,,https://new.kpx.or.kr/board.es?mid=a10109050000&bid=0216&act=view&list_no=77055&tag=&nPage=8
77056,2026-03-29,육지,전망,육지 출력제어 전망 안내[2026년 3월 29일(일)],,,,,,,,https://new.kpx.or.kr/board.es?mid=a10109050000&bid=0216&act=view&list_no=77056&tag=&nPage=7
77061,2026-03-07,육지,실적,육지 출력제어 실적 안내[2026년 3월 7일(토)],10:00,17:00,,,,,,https://new.kpx.or.kr/board.es?mid=a10109050000&bid=0216&act=view&list_no=77061&tag=&nPage=7
77062,2026-03-08,육지,실적,육지 출력제어 실적 안내[2026년 3월 8일(일)],10:00,17:00,,,,,,https://new.kpx.or.kr/board.es?mid=a10109050000&bid=0216&act=view&list_no=77062&tag=&nPage=7
77094,2026-03-12,육지,실적,육지 출력제어 실적 안내[2026년 3월 12일(목)],13:00,15:00,,,,,,https://new.kpx.or.kr/board.es?mid=a10109050000&bid=0216&act=view&list_no=77094&tag=&nPage=7
77095,2026-03-13,육지,실적,육지 출력제어 실적 안내[2026년 3월 13일(금)],13:00,15:00,,,,,,https://new.kpx.or.kr/board.es?mid=a10109050000&bid=0216&act=view&list_no=77095&tag=&nPage=7
77096,2026-03-14,육지,실적,육지 출력제어 실적 안내[2026년 3월 14일(토)],10:00,17:00,,,,,,https://new.kpx.or.kr/board.es?mid=a10109050000&bid=0216&act=view&list_no=77096&tag=&nPage=7
77097,2026-03-15,육지,실적,육지 출력제어 실적 안내[2026년 3월 15일(일)],10:00,17:00,,,,,,https://new.kpx.or.kr/board.es?mid=a10109050000&bid=0216&act=view&list_no=77097&tag=&nPage=7
77136,2026-04-02,육지,전망,육지 출력제어 전망[2026년 4월 2일(목)],,,,,,,,https://new.kpx.or.kr/board.es?mid=a10109050000&bid=0216&act=view&list_no=77136&tag=&nPage=7
77138,2026-04-07,육지,전망,육지 출력제어 전망 [2026년 4월 7일(화)],,,,,,,,https://new.kpx.or.kr/board.es?mid=a10109050000&bid=0216&act=view&list_no=77138&tag=&nPage=7
77139,2026-04-08,육지,전망,육지 출력제어 전망[2026년 4월 8일(수)],,,,,,,,https://new.kpx.or.kr/board.es?mid=a10109050000&bid=0216&act=view&list_no=77139&tag=&nPage=7
77148,2026-03-19,육지,실적,육지 출력제어 실적 안내[2026년 3월 19일(목)],11:00,16:00,,,,,,https://new.kpx.or.kr/board.es?mid=a10109050000&bid=0216&act=view&list_no=77148&tag=&nPage=6
77151,2026-04-11,육지,전망,육지 출력제어 전망[2026년 4월 11일(토)],,,,,,,,https://new.kpx.or.kr/board.es?mid=a10109050000&bid=0216&act=view&list_no=77151&tag=&nPage=6
77152,2026-04-12,육지,전망,육지 출력제어 전망[2026년 4월 12일(일)],,,,,,,,https://new.kpx.or.kr/board.es?mid=a10109050000&bid=0216&act=view&list_no=77152&tag=&nPage=6
77190,2026-04-18,육지,전망,육지 출력제어 전망 [2026년 4월 18일(토)],,,,,,,,https://new.kpx.or.kr/board.es?mid=a10109050000&bid=0216&act=view&list_no=77190&tag=&nPage=6
77195,2026-03-21,육지,실적,육지 출력제어 실적 안내[2026년 3월 21일(토)],10:00,17:00,,,,,,https://new.kpx.or.kr/board.es?mid=a10109050000&bid=0216&act=view&list_no=77195&tag=&nPage=6
77196,2026-03-22,육지,실적,육지 출력제어 실적 안내[2026년 3월 22일(일)],10:00,17:00,,,,,,https://new.kpx.or.kr/board.es?mid=a10109050000&bid=0216&act=view&list_no=77196&tag=&nPage=6
77197,2026-03-23,육지,실적,육지 출력제어 실적 안내[2026년 3월 23일(월)],12:00,16:00,,,,,,https://new.kpx.or.kr/board.es?mid=a10109050000&bid=0216&act=view&list_no=77197&tag=&nPage=6
77198,2026-03-28,육지,실적,육지 출력제어 실적 안내[2026년 3월 28일(토)],10:00,17:00,,,,,,https://new.kpx.or.kr/board.es?mid=a10109050000&bid=0216&act=view&list_no=77198&tag=&nPage=6
77199,2026-03-29,육지,실적,육지 출력제어 실적 안내[2026년 3월 29일(일)],10:00,17:00,,,,,,https://new.kpx.or.kr/board.es?mid=a10109050000&bid=0216&act=view&list_no=77199&tag=&nPage=6
77217,2026-04-24,육지,전망,육지 출력제어 전망 [2026년 4월 24일(금)],,,,,,,,https://new.kpx.or.kr/board.es?mid=a10109050000&bid=0216&act=view&list_no=77217&tag=&nPage=6
77226,2026-04-25,육지,전망,육지 출력제어 전망 [2026년 4월 25일(토)],,,,,,,,https://new.kpx.or.kr/board.es?mid=a10109050000&bid=0216&act=view&list_no=77226&tag=&nPage=5
77227,2026-04-26,육지,전망,육지 출력제어 전망 [2026년 4월 26일(일)],,,,,,,,https://new.kpx.or.kr/board.es?mid=a10109050000&bid=0216&act=view&list_no=77227&tag=&nPage=5
77232,2026-04-28,육지,전망,육지 출력제어 전망 [2026년 4월 28일(화)],,,,,,,,https://new.kpx.or.kr/board.es?mid=a10109050000&bid=0216&act=view&list_no=77232&tag=&nPage=5
77238,2026-04-02,육지,실적,육지 출력제어 실적 안내[2026년 4월 2일(목)],12:00,15:00,,,,,,https://new.kpx.or.kr/board.es?mid=a10109050000&bid=0216&act=view&list_no=77238&tag=&nPage=5
77239,2026-04-04,육지,실적,육지 출력제어 실적 안내[2026년 4월 4일(토)],10:00,17:00,,,,,,https://new.kpx.or.kr/board.es?mid=a10109050000&bid=0216&act=view&list_no=77239&tag=&nPage=5
77240,2026-04-05,육지,실적,육지 출력제어 실적 안내[2026년 4월 5일(일)],10:00,17:00,,,,,,https://new.kpx.or.kr/board.es?mid=a10109050000&bid=0216&act=view&list_no=77240&tag=&nPage=5
77241,2026-04-07,육지,실적,육지 출력제어 실적 안내[2026년 4월 7일(화)],09:00,16:00,,,,,,https://new.kpx.or.kr/board.es?mid=a10109050000&bid=0216&act=view&list_no=77241&tag=&nPage=5
77242,2026-04-08,육지,실적,육지 출력제어 실적 안내[2026년 4월 8일(수)],12:00,15:00,,,,,,https://new.kpx.or.kr/board.es?mid=a10109050000&bid=0216&act=view&list_no=77242&tag=&nPage=5
77243,2026-04-11,육지,실적,육지 출력제어 실적 안내[2026년 4월 11일(토)],10:00,17:00,,,,,,https://new.kpx.or.kr/board.es?mid=a10109050000&bid=0216&act=view&list_no=77243&tag=&nPage=5
77283,2026-05-01,육지,전망,육지 출력제어 전망 [2026년 5월 1일(금)],,,,,,,,https://new.kpx.or.kr/board.es?mid=a10109050000&bid=0216&act=view&list_no=77283&tag=&nPage=5
77287,2026-05-04,육지,전망,육지 출력제어 전망 [2026년 5월 4일(월)],,,,,,,,https://new.kpx.or.kr/board.es?mid=a10109050000&bid=0216&act=view&list_no=77287&tag=&nPage=4
77297,2026-05-05,육지,전망,육지 출력제어 전망 [2026년 5월 5일(화)],,,,,,,,https://new.kpx.or.kr/board.es?mid=a10109050000&bid=0216&act=view&list_no=77297&tag=&nPage=4
77300,2026-05-06,육지,전망,육지 출력제어 전망 [2026년 5월 6일(수)],,,,,,,,https://new.kpx.or.kr/board.es?mid=a10109050000&bid=0216&act=view&list_no=77300&tag=&nPage=4
77355,2026-05-09,육지,전망,육지 출력제어 전망 [2026년 5월 9일(토)],,,,,,,,https://new.kpx.or.kr/board.es?mid=a10109050000&bid=0216&act=view&list_no=77355&tag=&nPage=4
77356,2026-05-10,육지,전망,육지 출력제어 전망 [2026년 5월 10일(일)],,,,,,,,https://new.kpx.or.kr/board.es?mid=a10109050000&bid=0216&act=view&list_no=77356&tag=&nPage=4
77420,2026-05-23,육지,전망,육지 출력제어 전망 [2026년 5월 23일(토)],,,,,,,,https://new.kpx.or.kr/board.es?mid=a10109050000&bid=0216&act=view&list_no=77420&tag=&nPage=4
77421,2026-05-24,육지,전망,육지 출력제어 전망 [2026년 5월 24일(일)],,,,,,,,https://new.kpx.or.kr/board.es?mid=a10109050000&bid=0216&act=view&list_no=77421&tag=&nPage=4
77469,2026-05-30,육지,전망,육지 출력제어 전망 [2026년 5월 30일(토)],,,,,,,,https://new.kpx.or.kr/board.es?mid=a10109050000&bid=0216&act=view&list_no=77469&tag=&nPage=4
77470,2026-05-31,육지,전망,육지 출력제어 전망 [2026년 5월 31일(일)],,,,,,,,https://new.kpx.or.kr/board.es?mid=a10109050000&bid=0216&act=view&list_no=77470&tag=&nPage=4
77505,2026-06-06,육지,전망,육지 출력제어 전망[2026년 6월 6일(토)],,,,,,,,https://new.kpx.or.kr/board.es?mid=a10109050000&bid=0216&act=view&list_no=77505&tag=&nPage=4
77564,2026-06-13,육지,전망,육지 출력제어 전망 [2026년 6월 13일(토)],,,,,,,,https://new.kpx.or.kr/board.es?mid=a10109050000&bid=0216&act=view&list_no=77564&tag=&nPage=3
77600,2026-04-12,육지,실적,육지 출력제어 실적 안내[2026년 4월 12일(일)],10:00,17:00,,,,,,https://new.kpx.or.kr/board.es?mid=a10109050000&bid=0216&act=view&list_no=77600&tag=&nPage=3
77601,2026-04-16,육지,실적,육지 출력제어 실적 안내[2026년 4월 16일(목)],12:00,15:00,,,,,,https://new.kpx.or.kr/board.es?mid=a10109050000&bid=0216&act=view&list_no=77601&tag=&nPage=3
77602,2026-04-18,육지,실적,육지 출력제어 실적 안내[2026년 4월 18일(토)],10:00,17:00,,,,,,https://new.kpx.or.kr/board.es?mid=a10109050000&bid=0216&act=view&list_no=77602&tag=&nPage=3
77603,2026-04-19,육지,실적,육지 출력제어 실적 안내[2026년 4월 19일(일)],10:00,17:00,,,,,,https://new.kpx.or.kr/board.es?mid=a10109050000&bid=0216&act=view&list_no=77603&tag=&nPage=3
77604,2026-04-21,육지,실적,육지 출력제어 실적 안내[2026년 4월 21일(화)],11:00,14:00,,,,,,https://new.kpx.or.kr/board.es?mid=a10109050000&bid=0216&act=view&list_no=77604&tag=&nPage=3
77605,2026-04-24,육지,실적,육지 출력제어 실적 안내[2026년 4월 24일(금)],11:00,15:00,,,,,,https://new.kpx.or.kr/board.es?mid=a10109050000&bid=0216&act=view&list_no=77605&tag=&nPage=3
77606,2026-04-25,육지,실적,육지 출력제어 실적 안내[2026년 4월 25일(토)],10:00,17:00,,,,,,https://new.kpx.or.kr/board.es?mid=a10109050000&bid=0216&act=view&list_no=77606&tag=&nPage=3
77607,2026-04-26,육지,실적,육지 출력제어 실적 안내[2026년 4월 26일(일)],10:00,17:00,,,,,,https://new.kpx.or.kr/board.es?mid=a10109050000&bid=0216&act=view&list_no=77607&tag=&nPage=3
77621,2026-05-01,육지,실적,육지 출력제어 실적 안내[2026년 5월 1일(금)],10:00,17:00,,,,,,https://new.kpx.or.kr/board.es?mid=a10109050000&bid=0216&act=view&list_no=77621&tag=&nPage=3
77622,2026-05-02,육지,실적,육지 출력제어 실적 안내[2026년 5월 2일(토)],10:00,17:00,,,,,,https://new.kpx.or.kr/board.es?mid=a10109050000&bid=0216&act=view&list_no=77622&tag=&nPage=2
77623,2026-05-03,육지,실적,육지 출력제어 실적 안내[2026년 5월 3일(일)],10:00,17:00,,,,,,https://new.kpx.or.kr/board.es?mid=a10109050000&bid=0216&act=view&list_no=77623&tag=&nPage=2
77624,2026-05-04,육지,실적,육지 출력제어 실적 안내[2026년 5월 4일(월)],09:00,15:00,,,,,,https://new.kpx.or.kr/board.es?mid=a10109050000&bid=0216&act=view&list_no=77624&tag=&nPage=2
77625,2026-05-05,육지,실적,육지 출력제어 실적 안내[2026년 5월 5일(화)],09:00,17:00,,,,,,https://new.kpx.or.kr/board.es?mid=a10109050000&bid=0216&act=view&list_no=77625&tag=&nPage=2
77636,2026-05-06,육지,실적,육지 출력제어 실적 안내[2026년 5월 6일(수)],12:00,15:00,,,,,,https://new.kpx.or.kr/board.es?mid=a10109050000&bid=0216&act=view&list_no=77636&tag=&nPage=2
77637,2026-05-07,육지,실적,육지 출력제어 실적 안내[2026년 5월 7일(목)],11:00,15:00,,,,,,https://new.kpx.or.kr/board.es?mid=a10109050000&bid=0216&act=view&list_no=77637&tag=&nPage=2
77638,2026-05-08,육지,실적,육지 출력제어 실적 안내[2026년 5월 8일(금)],09:00,16:00,,,,,,https://new.kpx.or.kr/board.es?mid=a10109050000&bid=0216&act=view&list_no=77638&tag=&nPage=2
77639,2026-05-09,육지,실적,육지 출력제어 실적 안내[2026년 5월 9일(토)],10:00,17:00,,,,,,https://new.kpx.or.kr/board.es?mid=a10109050000&bid=0216&act=view&list_no=77639&tag=&nPage=2
77640,2026-05-10,육지,실적,육지 출력제어 실적 안내[2026년 5월 10일(일)],10:00,17:00,,,,,,https://new.kpx.or.kr/board.es?mid=a10109050000&bid=0216&act=view&list_no=77640&tag=&nPage=2
77644,2026-05-15,육지,실적,육지 출력제어 실적 안내[2026년 5월 15일(금)],11:00,14:00,,,,,,https://new.kpx.or.kr/board.es?mid=a10109050000&bid=0216&act=view&list_no=77644&tag=&nPage=2
77645,2026-05-16,육지,실적,육지 출력제어 실적 안내[2026년 5월 16일(토)],10:00,17:00,,,,,,https://new.kpx.or.kr/board.es?mid=a10109050000&bid=0216&act=view&list_no=77645&tag=&nPage=1
77646,2026-05-17,육지,실적,육지 출력제어 실적 안내[2026년 5월 17일(일)],10:00,17:00,,,,,,https://new.kpx.or.kr/board.es?mid=a10109050000&bid=0216&act=view&list_no=77646&tag=&nPage=1
77647,2026-05-18,육지,실적,육지 출력제어 실적 안내[2026년 5월 18일(월)],12:00,13:00,,,,,,https://new.kpx.or.kr/board.es?mid=a10109050000&bid=0216&act=view&list_no=77647&tag=&nPage=1
77656,2026-05-23,육지,실적,육지 출력제어 실적 안내[2026년 5월 23일(토)],10:00,17:00,,,,,,https://new.kpx.or.kr/board.es?mid=a10109050000&bid=0216&act=view&list_no=77656&tag=&nPage=1
77657,2026-05-24,육지,실적,육지 출력제어 실적 안내[2026년 5월 24일(일)],10:00,17:00,,,,,,https://new.kpx.or.kr/board.es?mid=a10109050000&bid=0216&act=view&list_no=77657&tag=&nPage=1
77658,2026-05-25,육지,실적,육지 출력제어 실적 안내[2026년 5월 25일(월)],10:00,17:00,,,,,,https://new.kpx.or.kr/board.es?mid=a10109050000&bid=0216&act=view&list_no=77658&tag=&nPage=1
77659,2026-05-30,육지,실적,육지 출력제어 실적 안내[2026년 5월 30일(토)],10:00,17:00,,,,,,https://new.kpx.or.kr/board.es?mid=a10109050000&bid=0216&act=view&list_no=77659&tag=&nPage=1
77660,2026-05-31,육지,실적,육지 출력제어 실적 안내[2026년 5월 31일(일)],11:00,16:00,,,,,,https://new.kpx.or.kr/board.es?mid=a10109050000&bid=0216&act=view&list_no=77660&tag=&nPage=1
77725,2026-06-06,육지,실적,새글육지 출력제어 실적 안내[2026년 6월 6일(토)],11:00,14:00,,,,,,https://new.kpx.or.kr/board.es?mid=a10109050000&bid=0216&act=view&list_no=77725&tag=&nPage=1
77726,2026-06-13,육지,실적,새글육지 출력제어 실적 안내[2026년 6월 13일(토)],12:00,13:00,,,,,,https://new.kpx.or.kr/board.es?mid=a10109050000&bid=0216&act=view&list_no=77726&tag=&nPage=1
